Category,Price per item (GBP),Number of items,Purchase date,Additional information
Custodian style Police Helmet,28.90,30,2015-02-19,
Fleece,46.79,135,2014-10-14,"Purchased via the North West contract which expired at the end of June 2015 - Description: Goretex wind stopper Tornado material, with a Reflexite prismatic tape - not just a non-reflective check tape - and Police badges back and front."
Trousers,8.95,128,2015-01-08,
Shirt,8.15,500,2015-02-18,
Epaulettes,3.25,18,2015-07-20,Purchased with embroidered collar number on.
Belt,3.27,50,2015-07-18,
Anorak/ waterproof jacket,,,,Not bought. The force no longer issues patrol officers with standard black waterproof jackets.
Hi Visibility jacket,42.50,16,2015-07-11,
Cut resistant gloves,13.95,30,2015-07-18,
Boots,,,,Not bought. The force does not issue patrol officers with boots.
Utility belt,6.95,60,2015-01-02,
General Patrol full body armour,471.00,14,2015-07-22,"The force's choice of armour has the carriage on the cover (national specification plates inside a high visibility cover with carriage fittings for police protective equipment - baton; handcuffs; spray and leg restraints which are personnel issue), so there is no need to buy general patrol body armour vest to complement it."
General Patrol body armour vest,,,,"Not bought because the force's choice of armour has the carriage on the cover (national specification plates inside a high visibility cover with carriage fittings for police protective equipment - baton; handcuffs; spray and leg restraints which are personnel issue), so no separate vest is needed."
Standard Issue Handcuffs,16.65,100,2015-01-13,
Baton,54.45,101,2015-01-13,
Airwave radio (hand held),320.00,995,2013-05-20,
Airwave radio (vehicle),280.00,337,2013-03-25,Only 150 of the 337 had the extended warranty taken out (to the end of the Airwave contract) as they are 'live' - the originals were hardware was bought in 2003 and have not been refreshed.
Fully kitted general purpose patrol vehicle - standard 5-door hatchback low performance car.,,,,Not bought.
Compact High performance estate vehicle - fully converted,18000.00,13,2015-02-01,BMW vehicle.
Fully kitted cell van,21500.00,5,2015-07-13,Peugeot Expert van.
