Category,Price per item (GBP),Number of items,Purchase date,Additional information
Custodian style Police Helmet,28.90,27,2015-07-09,
Fleece,32.54,35,2015-07-09,
Trousers,8.95,3875,2015-06-30,
Shirt,4.75,1302,2015-07-07,"Short-sleeved shirts, long-sleeved shirts £5.25."
Epaulettes,2.10,750,2015-05-21,
Belt,3.27,201,2015-07-09,
Anorak/ waterproof jacket,67.71,20,2015-07-08,
Hi Visibility jacket,38.56,50,2015-07-09,
Cut resistant gloves,12.95,170,2015-07-09,
Boots,,,,Not bought. The force does not issue boots.
Utility belt,4.25,55,2015-07-09,
General Patrol full body armour,222.00,38,2015-07-09,Same price for male and female body armours.
General Patrol body armour vest,57.60,53,2015-07-09,
Standard Issue Handcuffs,18.35,175,2015-07-09,
Baton,55.91,75,2015-07-09,
Airwave radio (hand held),413.25,51,2014-03-27,Inc. aerial and battery
Airwave radio (vehicle),765.15,13,2015-02-27,Inc. installation kit
Fully kitted general purpose patrol vehicle - standard 5-door hatchback low performance car.,11471.21,54,2014-07-22,"Hyundai for divisional use, not fully converted but commissioning inc. radio."
Compact High performance estate vehicle - fully converted,28781.12,2,2014-08-05,"Date of order, not purchase. BMW for traffic use, not fully converted but commissioning inc. radio."
Fully kitted cell van,20058.69,14,2014-08-07,"Date of order, not purchase. Vauxhall Vivaro converted cell van inc. radio."
