Category,Price per item (GBP),Number of items,Purchase date,Additional information
Custodian style Police Helmet,28.90,40,2014-07-01,
Fleece,21.10,116,2015-06-10,
Trousers,14.10,400,2015-06-09,"Female trousers, male trousers £14.62."
Shirt,4.05,2500,2013-08-14,"Male and female short-sleeved shirts, male and female long-sleeved shirts £4.70."
Epaulettes,2.10,500,2015-01-16,Price per pair.
Belt,3.27,160,2014-08-29,
Anorak/ waterproof jacket,94.20,122,2015-03-05,High visibility jacket with additional zips. This garment is under review.
Hi Visibility jacket,,,,Not bought. The force issues high visibility body armour covers inc. appointment pockets and click fast points. This garment is not needed.
Cut resistant gloves,,,,Not bought. The force does not issue cut resistant gloves.
Boots,,,,"Not bought. The force no longer issues standard officer boots, only for specialist roles."
Utility belt,5.08,120,2014-04-24,
General Patrol full body armour,190.24,15,2015-04-23,"Female armours, male armours £223.59."
General Patrol body armour vest,69.50,47,2015-07-23,High visibility body armour covers inc. appointment pockets and click fast points. No high visibility jacket needed to purchase.
Standard Issue Handcuffs,18.35,200,2015-02-27,Joint purchase with Dyfed-Powys and South Wales under national contract. Price based on 100-249 order volumes.
Baton,,,,Not purchased since 2011. Records not accessible. The force operates a baton recycling policy and stocks of new and recycled batons.
Airwave radio (hand held),290.00,2100,2014-03-06,"Exc. antenna, battery. Inc. colour display."
Airwave radio (vehicle),,,,Not purchased since 2004. Records not accessible.
Fully kitted general purpose patrol vehicle - standard 5-door hatchback low performance car.,11274.00,,2013-09-03,Not bought. Price for Ford Focus Estate vehicle inc. conversion and livery.
Compact High performance estate vehicle - fully converted,31024.00,1,2014-04-30,BMW vehicle. Inc. conversion and livery.
Fully kitted cell van,22806.00,,2014-01-26,Not bought. Price for Ford Transit van inc. conversion and livery.
