Category,Price per item (GBP),Number of items,Purchase date,Additional information
Custodian style Police Helmet,33.50,64,2014-10-23,
Fleece,20.39,20,2015-06-05,
Trousers,15.96,230,2015-01-15,
Shirt,3.99,290,2014-12-02,
Epaulettes,3.85,11,2015-05-14,
Belt,4.15,100,2015-02-26,Leather belt.
Anorak/ waterproof jacket,75.70,25,2015-07-24,
Hi Visibility jacket,28.69,50,2015-06-11,
Cut resistant gloves,,,,Not bought. The force does not issue gloves.
Boots,75.80,6,2015-07-10,Peacekeeper general duty boots purchased under the North Wales national contract. Peacekeeper public order boots £73.60.
Utility belt,4.43,110,2015-05-05,
General Patrol full body armour,256.59,1,2015-06-02,Black overt cover male armour sets inc. carry bag (£10). Female armours purchased at £235.79 plus carry bag at £10. Add an extra £4.12 to male armours and £3.97 to female armours for high visibility (yellow) overt cover (issued to tactical pedal cyclists). 
General Patrol body armour vest,35.94,7,2015-04-27,
Standard Issue Handcuffs,19.00,200,2015-06-05,
Baton,60.82,200,2015-06-08,
Airwave radio (hand held),280.00,,,Most recent purchase was in 2011. More detailed information is not available at this time.
Airwave radio (vehicle),430.00,800,,Purchased via national framework in 2007 - date of purchase not available at the time of publication.
Fully kitted general purpose patrol vehicle - standard 5-door hatchback low performance car.,10029.25,13,2012-07-26,Purchased via East / South East Region tender.
Compact High performance estate vehicle - fully converted,,,,The force does not operate compact high-performance cars.
Fully kitted cell van,20669.78,8,2012-07-26,Purchased via national framework.
