Category,Price per item (GBP),Number of items,Purchase date,Additional information
Custodian style Police Helmet,43.20,127,2015-01-30,Most recent order date for bulk purchase jointly with South and West Yorkshire Police. All uniform items are ordered by the regional store for all three forces. 
Fleece,20.39,214,2015-01-30,Most recent order date for bulk purchase jointly with South and West Yorkshire Police. All uniform items are ordered by the regional store for all three forces. 
Trousers,7.83,4932,2013-08-09,Most recent order date for bulk purchase jointly with South and West Yorkshire Police. All uniform items are ordered by the regional store for all three forces. 
Shirt,4.05,450,2015-05-29,Most recent order date for bulk purchase jointly with South and West Yorkshire Police. All uniform items are ordered by the regional store for all three forces. 
Epaulettes,2.80,90,2015-07-10,Most recent order date for bulk purchase jointly with South and West Yorkshire Police. All uniform items are ordered by the regional store for all three forces. 
Belt,3.80,230,2015-07-10,Most recent order date for bulk purchase jointly with South and West Yorkshire Police. All uniform items are ordered by the regional store for all three forces. 
Anorak/ waterproof jacket,85.75,22,2015-01-30,Most recent order date for bulk purchase jointly with South and West Yorkshire Police. All uniform items are ordered by the regional store for all three forces. 
Hi Visibility jacket,62.75,88,2015-01-30,Most recent order date for bulk purchase jointly with South and West Yorkshire Police. All uniform items are ordered by the regional store for all three forces. 
Cut resistant gloves,12.95,155,2015-07-10,Most recent order date for bulk purchase jointly with South and West Yorkshire Police. All uniform items are ordered by the regional store for all three forces. 
Boots,,,,Not bought.
Utility belt,4.50,160,2015-07-10,Most recent order date for bulk purchase jointly with South and West Yorkshire Police. All uniform items are ordered by the regional store for all three forces. 
General Patrol full body armour,254.10,18,2015-04-22,Same price for male and female armours. Most recent order date for bulk purchase jointly with South and West Yorkshire Police. All uniform items are ordered by the regional store for all three forces. 
General Patrol body armour vest,60.20,845,2015-07-10,Most recent order date for bulk purchase jointly with South and West Yorkshire Police. All uniform items are ordered by the regional store for all three forces. 
Standard Issue Handcuffs,16.95,100,2015-06-26,Most recent order date for bulk purchase jointly with South and West Yorkshire Police. All uniform items are ordered by the regional store for all three forces. 
Baton,23.49,200,2015-03-05,Most recent order date for bulk purchase jointly with South and West Yorkshire Police. All uniform items are ordered by the regional store for all three forces. 
Airwave radio (hand held),350.00,300,2015-03-31," Joint purchase with South Yorkshire Police. Total cost per set £391 inc. battery, antenna and case."
Airwave radio (vehicle),,,,Not purchased for over three years. Information is not available at this time.
Fully kitted general purpose patrol vehicle - standard 5-door hatchback low performance car.,14975.11,2,2014-12-05,Vauxhall Astra. The Yorkshire and Humberside Police region is moving to the new vehicle purchase framework in 2015.
Compact High performance estate vehicle - fully converted,,,,"Not bought. The force purchased three large standard high performance vehicles £31,104.26 on 14/08/14 with conversion carried out by West Yorkshire Police. The Yorkshire and Humberside Police region is moving to the new vehicle purchase framework in 2015."
Fully kitted cell van,19556.35,2,2014-11-13,Conversion carried out by West Yorkshire Police. The Yorkshire and Humberside Police region is moving to the new vehicle purchase framework in 2015.
