Category,Price per item (GBP),Number of items,Purchase date,Additional information
Custodian style Police Helmet,28.90,18,2015-07-14,
Fleece,21.10,60,2015-05-29,
Trousers,7.83,200,2015-05-14,
Shirt,3.75,300,2015-06-11,"Lowest price for female short-sleeved shirts £3.75, female long-sleeved shirts £4.31, male short-sleeved shirts £4.05 and male long-sleeved shirts £4.60"
Epaulettes,18.60,10,2015-07-22,Price per set of three pairs of sliders and one pair of epaulettes.
Belt,3.27,60,2015-06-18,
Anorak/ waterproof jacket,62.75,72,2015-02-26,Blousons.
Hi Visibility jacket,,,,Not bought.
Cut resistant gloves,12.95,150,2015-05-29,
Boots,,,,Not bought.
Utility belt,4.25,60,2015-07-15,
General Patrol full body armour,254.10,1,2015-07-16,Same price for male and female armours.
General Patrol body armour vest,,,,Not bought.
Standard Issue Handcuffs,10.00,30,2015-07-14,Price for refurbished handcuffs.
Baton,25.00,25,2015-07-14,Price for batons requiring light refurbishment. £35 for full refurbishment.
Airwave radio (hand held),400.00,300,2015-03-11,"Purchased under existing contract unless a cheaper alternative can be sourced. Inc. all ancillaries (antenna, earpieces, batteries etc)"
Airwave radio (vehicle),769.00,477,2010-03-01,"Purchased under existing contract unless a cheaper alternative can be sourced. Inc. all ancillaries (antenna, PTTs, looms etc)"
Fully kitted general purpose patrol vehicle - standard 5-door hatchback low performance car.,,,,"Not bought. The force does not use low performance hatchbacks, but purchased Vauxhall Astra estate vehicles for £14,930.00 via national framework on 14/01/15, converted in-house by West Yorkshire Police. "
Compact High performance estate vehicle - fully converted,32378.00,1,2015-01-22,"BMW vehicle purchased via national framework, converted in-house by West Yorkshire Police."
Fully kitted cell van,19508.50,2,2015-01-22,"Vauxhall Vivaro van purchased via national framework, converted in-house by West Yorkshire Police."
