Category,Price per item (GBP),Number of items,Purchase date,Additional information
Custodian style Police Helmet,33.20,13,2015-03-27,
Fleece,21.10,7,2015-05-06,Purchased via West Yorkshire framework.
Trousers,7.83,998,2015-04-16,Retained contract price from ex West Yorkshire contract.
Shirt,2.85,50,2015-07-02,Female shirts. 226 male shirts at £3.76 were last purchased on 26/01/2015.
Epaulettes,3.41,8,2015-07-28,"Epaulettes embroidered with collar number, initial and surname, purchased via East Midlands framework."
Belt,3.30,9,2015-04-28,Female belts. 42 male belts at £3.30 last purchased on 27/04/2015.
Anorak/ waterproof jacket,134.00,31,2015-05-07,High visibility 3/4 jackets. No longer bought as the force plans to purchase cheaper garments. Original contract expired and due to low number being purchased the supplier agreed to retain continuity and still supply ad hoc. We no longer purchase this garment.
Hi Visibility jacket,69.95,65,2015-05-07,Blouson style jackets.
Cut resistant gloves,,,,Not bought.
Boots,,,,Not bought.
Utility belt,9.61,95,2014-11-24,"2"" leather belts with chrome buckle purchased via Greater Manchester Police framework."
General Patrol full body armour,210.00,1,2015-04-08,Female armour. One male armour at £260.00 last purchased on 15/01/2015. Armour panels inc. shoulder protectors.
General Patrol body armour vest,46.00,1,2015-04-08,New armour covers: female armour vest. One male armour vest at £46.56 last purchased on 15/01/2015.
Standard Issue Handcuffs,16.95,100,2015-06-23,Purchased via Northumbria framework.
Baton,58.50,100,2014-12-15,Inc. individual serial number.
Airwave radio (hand held),290.00,3000,2014-03-28,"Bulk purchase, unit price is normally £400."
Airwave radio (vehicle),370.00,300,2014-03-28,"Bulk purchase, unit price is normally £420."
Fully kitted general purpose patrol vehicle - standard 5-door hatchback low performance car.,8631.65,27,2005-07-01,Ford Fiesta.
Compact High performance estate vehicle - fully converted,21100.00,5,2012-03-01,Volvo.
Fully kitted cell van,11396.40,10,2014-06-01,Peugeot Expert.
