Category,Price per item (GBP),Number of items,Purchase date,Additional information
Custodian style Police Helmet,28.90,80,2014-12-18,
Fleece,38.95,65,2015-05-14,
Trousers,8.95,560,2015-07-15,
Shirt,4.25,1400,2015-03-20,
Epaulettes,1.60,300,2015-07-02,
Belt,3.91,160,2015-04-30,
Anorak/ waterproof jacket,71.95,62,2015-05-14,
Hi Visibility jacket,71.95,,,
Cut resistant gloves,15.99,100,2015-04-30,
Boots,,,,Not bought. The force only issues boots to officers for specialist roles.
Utility belt,5.55,100,2014-12-17,
General Patrol full body armour,228.00,16,2015-07-08,"Female armours, purchased with male armours at £276.00."
General Patrol body armour vest,45.00,1,2015-07-08,
Standard Issue Handcuffs,16.95,50,2014-12-04,
Baton,82.91,,,Not bought for over five years. The force recycles departed officers' batons for re-use.
Airwave radio (hand held),,,,No record of purchase for years - any previous purchased would have been made in accordance with the national airwave framework.
Airwave radio (vehicle),585.00,20,2015-06-21,
Fully kitted general purpose patrol vehicle - standard 5-door hatchback low performance car.,,,,Not bought. 
Compact High performance estate vehicle - fully converted,17349.62,1,2015-02-26,"Vauxhall Astra, converted inc. commissioning parts and labour, first registration fee."
Fully kitted cell van,25148.26,1,2015-07-16,"Vauxhall Vivaro, converted inc. commissioning parts and labour, first registration fee."
