Category,Price per item (GBP),Number of items,Purchase date,Additional information
Custodian style Police Helmet,28.90,85,2015-05-19,
Fleece,21.10,11,2015-07-02,
Trousers,8.95,530,2015-05-11,This was an end of contract order. 
Shirt,4.50,799,2015-06-16,"Average price given as subject to specifications (male/female, long/short sleeves, colour, length)."
Epaulettes,1.83,700,2015-07-22,
Belt,5.10,190,2015-05-06,
Anorak/ waterproof jacket,85.75,25,2015-03-09,
Hi Visibility jacket,56.44,25,2015-03-09,
Cut resistant gloves,,,,Not bought. 
Boots,,,,"Not bought. The force does not issue boots to response officers, only to specialist roles."
Utility belt,5.08,100,2015-02-03,
General Patrol full body armour,302.84,9,2015-05-27,Male armours.
General Patrol body armour vest,56.44,25,2015-06-08,
Standard Issue Handcuffs,25.50,150,2014-11-25,This item is being considered for review.
Baton,64.05,101,2015-02-09,
Airwave radio (hand held),350.00,,,The force has not purchased this type of radio for over three years.
Airwave radio (vehicle),725.00,50,2015-07-01,
Fully kitted general purpose patrol vehicle - standard 5-door hatchback low performance car.,14534.95,38,,Purchased in May-July 2015.
Compact High performance estate vehicle - fully converted,32747.44,10,2015-06-01,"Purchased in May-July 2015, but vehicle conversion is normally carried out in-house."
Fully kitted cell van,,,,Information is not available at this time.
