Category,Price per item (GBP),Number of items,Purchase date,Additional information
DNA test,14.50,399.0,2016-02-23,
Toxicology test,28.00,300.0,2016-02-26,"Purchases are made jointly on behalf of Bedfordshire, Cambridgeshire and Hertfordshire by a single department."
Mobile phone examination,,,,All mobile phone extraction undertaken in-house and therefore the force does not pay any additional costs to suppliers for this type of work.
Forensic stain analysis,65.00,3.0,2016-02-22,"Bedfordshire, Cambridgeshire and Hertfordshire Forensics is a collaborative unit led by Hertfordshire Police."
Credit report or search,1.10,500.0,2015-10-31,
Temporary staff administrator role,11.37,35.0,2016-02-05,
one-day car hire,19.49,1.0,2015-11-25,
30-day car hire,11.25,28.0,2015-11-05,There is no record of a 30-day vehicle hire agreement.
Ream of 500 sheets of white paper,2.03,1000.0,2016-10-08,Volume information based on 200 boxes of 5 reams. 80GSM.
Telephone interpreting inc. recording services (per minute),0.68,36.0,2016-01-26,
Face-to-face interpreting for 4 hours (half-day),120.00,4.0,2016-01-29,Rate provided is based on a minimum 2-hour peak booking at �60.00 per hour.
Standard office cleaning (force average per m2 per year),13.00,,2015-04-01,Charge is per m2 per annum.
"Gas supply to force headquarters (in �, based on cost in p per kWh)",0.0166,516.0,2016-02-09,
Laptop purchase,756.00,3.0,2016-02-28,"20DKA00200 LENOVO THINKPAD S1 YOGA 12, INTEL 15-5200U (12.5 SWIVEL)"
Desktop purchase,316.00,31.0,2016-01-29,
"PC monitor - 19"" or smaller (inc. cables)",,,,
"PC monitor - 21"" or wider (inc. cables)",125.00,1.0,2016-01-22,"The force does not purchase monitors of this size. Information provided for purchases of monitors size 23""."
Telephone call charges (per minute),0.0085,,,"There are no peak and off peak rates - just a flat rate; usage is small, as the force predominately uses VOIP."
